student_id,cgpa,dsa_problems,projects,internships,certifications,aptitude_score,communication_score,technical_score,placement_status,package_lpa
S0001,8.0,108,3,0,3,52.5,62.7,76.1,Placed,12.57
S0002,7.36,124,2,1,2,87.0,59.6,83.5,Not Placed,2.5
S0003,8.15,96,2,0,4,64.3,94.6,73.2,Not Placed,2.5
S0004,9.02,127,0,0,2,74.5,63.7,30.0,Not Placed,2.5
S0005,7.27,127,4,2,3,42.6,79.1,76.1,Placed,13.76
S0006,7.27,115,2,0,5,85.0,67.3,44.7,Not Placed,2.5
S0007,9.08,101,2,0,5,78.8,66.6,38.1,Placed,12.36
S0008,8.27,121,1,2,2,49.8,59.3,36.2,Not Placed,2.5
S0009,7.03,118,2,1,1,73.9,56.4,34.7,Placed,9.38
S0010,8.04,121,2,1,1,70.1,80.4,72.5,Placed,13.61
S0011,7.04,101,2,0,4,63.2,56.1,56.3,Not Placed,2.5
S0012,7.03,111,4,0,1,30.0,76.5,43.7,Not Placed,2.5
S0013,7.74,134,0,2,4,60.1,71.3,68.4,Not Placed,2.5
S0014,5.59,109,1,2,1,74.5,80.5,50.3,Not Placed,2.5
S0015,5.78,125,4,0,5,61.8,61.5,83.7,Not Placed,2.5
S0016,6.94,122,0,0,1,66.7,85.1,91.2,Placed,8.4
S0017,6.49,109,0,1,1,92.5,68.0,64.5,Not Placed,2.5
S0018,7.81,100,3,0,2,68.8,100.0,90.0,Placed,10.66
S0019,6.59,112,0,1,4,38.5,47.4,90.0,Not Placed,2.5
S0020,6.09,134,1,0,0,67.2,100.0,69.4,Placed,10.36
S0021,8.97,128,0,0,4,71.5,68.2,95.7,Not Placed,2.5
S0022,7.27,115,1,0,0,57.6,73.1,58.1,Placed,11.8
S0023,7.57,134,2,1,1,81.0,61.5,36.7,Placed,14.43
S0024,6.08,118,2,0,3,48.1,48.0,43.1,Not Placed,2.5
S0025,6.96,120,1,2,1,67.9,62.6,57.3,Not Placed,2.5
S0026,7.61,137,2,1,4,47.9,64.9,76.5,Not Placed,2.5
S0027,6.35,112,3,0,3,65.6,72.6,49.5,Placed,6.55
S0028,7.88,138,0,1,2,80.6,85.7,57.2,Not Placed,2.5
S0029,6.9,124,3,1,4,67.6,72.7,48.0,Placed,12.16
S0030,7.21,128,1,2,7,66.7,72.9,57.6,Not Placed,2.5
S0031,6.9,127,4,0,4,70.4,75.4,89.5,Not Placed,2.5
S0032,9.35,108,5,2,4,71.2,45.4,73.7,Placed,18.86
S0033,7.49,155,1,1,3,80.4,46.7,58.8,Not Placed,2.5
S0034,6.44,133,1,0,3,80.5,49.0,87.5,Not Placed,2.5
S0035,8.32,111,4,3,2,91.3,64.8,68.4,Placed,14.71
S0036,6.28,118,1,0,2,72.5,43.8,70.1,Placed,10.89
S0037,7.71,115,1,1,3,45.1,60.3,86.3,Not Placed,2.5
S0038,5.54,108,3,0,3,82.9,50.8,62.5,Placed,8.52
S0039,6.17,153,2,0,2,90.2,76.8,82.7,Placed,10.76
S0040,7.7,125,0,0,3,100.0,76.1,81.5,Placed,10.21
S0041,8.24,129,1,0,3,91.8,65.8,65.7,Placed,10.35
S0042,7.67,111,2,0,3,62.6,43.4,45.7,Not Placed,2.5
S0043,7.38,108,1,0,4,72.8,66.7,68.2,Placed,9.32
S0044,7.2,115,4,0,3,65.9,74.6,86.2,Placed,14.19
S0045,6.02,118,3,1,8,63.9,81.4,81.1,Placed,11.31
S0046,6.78,124,0,0,3,68.3,94.5,95.4,Not Placed,2.5
S0047,7.04,108,2,3,2,89.3,85.7,60.2,Placed,13.66
S0048,8.56,125,4,1,4,46.2,72.3,80.5,Placed,15.73
S0049,7.84,133,2,0,0,55.0,66.0,51.9,Placed,12.09
S0050,5.74,123,1,0,4,88.3,59.6,71.2,Placed,9.57
S0051,7.82,110,2,1,2,91.8,89.0,85.7,Not Placed,2.5
S0052,7.11,112,2,0,1,60.1,72.3,82.5,Not Placed,2.5
S0053,6.82,121,2,0,2,94.8,78.8,69.6,Not Placed,2.5
S0054,8.11,91,1,2,1,84.6,61.7,63.7,Not Placed,2.5
S0055,8.53,118,0,1,1,66.0,52.6,52.1,Placed,9.94
S0056,8.43,114,3,1,4,33.5,64.4,64.4,Placed,15.08
S0057,6.66,92,6,1,3,45.0,65.8,47.0,Placed,15.82
S0058,7.19,124,1,1,2,60.1,72.7,62.5,Not Placed,2.5
S0059,7.83,119,2,0,3,81.4,59.7,39.1,Placed,8.61
S0060,8.48,120,2,0,3,81.4,70.3,46.9,Placed,9.58
S0061,7.02,106,2,1,3,63.0,86.5,81.6,Not Placed,2.5
S0062,7.31,114,2,1,5,66.5,46.6,79.9,Not Placed,2.5
S0063,6.39,109,2,2,4,69.5,40.4,63.4,Placed,10.42
S0064,6.3,154,1,1,1,66.7,87.4,69.0,Not Placed,2.5
S0065,8.31,126,4,0,2,72.5,49.5,71.2,Placed,13.26
S0066,8.86,134,3,1,3,69.5,64.7,75.4,Placed,17.28
S0067,7.43,126,0,1,3,44.9,78.5,73.7,Placed,12.06
S0068,8.5,143,2,0,5,66.9,69.2,46.6,Not Placed,2.5
S0069,7.86,120,2,0,2,69.7,69.0,30.0,Placed,9.95
S0070,6.85,134,3,0,3,84.8,71.0,51.7,Not Placed,2.5
S0071,7.86,126,1,2,4,57.5,100.0,65.5,Placed,11.14
S0072,9.04,110,2,2,2,73.1,94.9,83.4,Placed,15.2
S0073,7.46,117,0,0,2,78.4,60.3,71.7,Placed,7.7
S0074,9.06,104,3,3,1,67.8,84.7,76.6,Placed,17.08
S0075,5.0,134,3,0,3,43.7,77.1,53.6,Not Placed,2.5
S0076,8.32,122,2,0,4,85.2,69.7,66.9,Placed,13.13
S0077,7.59,135,0,0,6,81.2,57.3,69.0,Not Placed,2.5
S0078,7.2,114,3,0,2,73.4,76.3,55.9,Not Placed,2.5
S0079,7.59,131,2,1,5,70.6,65.7,50.9,Placed,11.54
S0080,5.51,130,4,1,4,43.3,64.7,64.4,Not Placed,2.5
S0081,7.28,131,1,1,7,81.6,59.3,78.6,Not Placed,2.5
S0082,7.86,121,3,0,4,92.3,84.0,53.5,Placed,11.98
S0083,8.98,114,2,0,3,53.3,59.3,64.7,Placed,13.4
S0084,6.98,117,4,2,2,90.2,59.3,89.7,Placed,16.8
S0085,6.69,116,0,0,5,87.0,80.9,59.7,Not Placed,2.5
S0086,7.0,111,2,1,6,52.9,68.0,68.1,Placed,10.12
S0087,8.42,111,1,0,2,64.1,68.4,66.3,Placed,11.66
S0088,7.83,123,1,2,2,49.1,84.5,65.0,Not Placed,2.5
S0089,6.97,124,1,0,2,69.0,88.4,94.7,Placed,9.98
S0090,8.01,116,0,1,1,76.7,40.2,72.9,Not Placed,2.5
S0091,7.6,121,1,0,4,50.2,68.2,42.9,Placed,9.97
S0092,8.47,116,2,1,5,75.8,50.3,92.5,Not Placed,2.5
S0093,6.8,122,3,0,5,79.6,64.6,72.4,Placed,10.87
S0094,7.17,123,5,2,5,79.8,69.9,62.0,Placed,17.17
S0095,7.11,131,3,1,3,76.8,65.0,89.6,Not Placed,2.5
S0096,6.04,146,2,0,5,51.6,55.6,55.5,Not Placed,2.5
S0097,7.8,109,4,1,3,68.2,54.9,95.5,Placed,17.27
S0098,7.76,125,3,0,0,75.3,80.2,69.5,Not Placed,2.5
S0099,7.51,115,2,0,2,91.9,91.5,84.1,Placed,12.44
S0100,7.27,119,1,0,2,70.0,41.2,100.0,Not Placed,2.5
S0101,6.08,113,1,1,3,76.4,65.4,70.9,Not Placed,2.5
S0102,7.08,131,4,1,3,56.0,80.2,66.5,Placed,15.6
S0103,7.16,114,5,0,4,52.7,69.5,50.9,Not Placed,2.5
S0104,6.7,127,1,0,4,50.8,54.4,66.1,Not Placed,2.5
S0105,7.34,117,3,0,3,63.7,63.3,51.4,Not Placed,2.5
S0106,7.9,109,2,0,2,100.0,74.2,65.0,Placed,11.1
S0107,9.39,109,1,3,2,64.0,65.7,100.0,Placed,18.35
S0108,7.67,127,2,1,4,75.5,69.3,69.9,Not Placed,2.5
S0109,7.76,122,1,0,3,78.4,69.7,59.1,Placed,11.94
S0110,7.43,149,2,2,0,53.6,62.7,64.6,Not Placed,2.5
S0111,5.58,131,1,0,4,63.5,81.4,61.4,Not Placed,2.5
S0112,7.47,145,0,0,3,79.4,63.3,84.8,Placed,8.48
S0113,7.56,131,2,1,2,76.4,55.9,66.6,Placed,12.88
S0114,9.96,111,1,1,1,40.1,100.0,93.7,Not Placed,2.5
S0115,7.31,123,2,0,3,78.9,68.9,62.9,Not Placed,2.5
S0116,7.8,115,3,0,3,61.7,33.6,64.0,Placed,10.9
S0117,7.47,130,0,1,2,62.1,87.6,53.7,Not Placed,2.5
S0118,6.33,132,0,3,1,76.1,87.5,61.9,Placed,10.58
S0119,8.64,125,2,1,3,92.8,76.4,40.3,Placed,15.63
S0120,8.25,124,1,1,5,67.0,78.8,33.9,Not Placed,2.5
S0121,8.29,123,2,0,4,87.7,100.0,78.0,Not Placed,2.5
S0122,6.59,128,3,0,3,48.4,56.5,40.1,Not Placed,2.5
S0123,8.9,110,2,0,4,72.0,71.9,74.5,Placed,11.49
S0124,6.1,123,3,0,6,61.9,97.6,60.0,Placed,10.19
S0125,8.09,111,3,1,4,74.2,100.0,83.0,Placed,15.78
S0126,9.69,123,3,0,2,65.6,64.9,40.4,Placed,10.5
S0127,6.51,126,2,1,2,49.9,98.1,77.6,Not Placed,2.5
S0128,6.93,118,0,0,2,56.7,81.2,73.3,Placed,8.79
S0129,7.6,106,2,0,2,45.4,90.9,73.8,Not Placed,2.5
S0130,7.0,127,2,0,2,50.4,80.8,86.0,Placed,9.81
S0131,5.95,112,2,0,2,77.2,74.3,69.1,Not Placed,2.5
S0132,7.57,102,3,2,2,66.2,100.0,30.0,Placed,12.35
S0133,6.44,109,1,0,1,73.5,62.6,75.2,Placed,8.2
S0134,7.97,111,2,0,2,97.2,96.6,73.1,Placed,11.35
S0135,6.58,100,0,1,1,65.6,98.8,64.1,Placed,8.5
S0136,9.05,99,0,0,4,79.5,89.1,54.5,Placed,7.7
S0137,6.72,111,2,1,1,70.4,69.0,62.2,Not Placed,2.5
S0138,7.18,135,3,0,4,100.0,73.4,91.3,Placed,12.67
S0139,8.31,121,1,0,2,30.0,52.2,53.3,Not Placed,2.5
S0140,6.27,114,1,3,1,59.2,63.7,40.2,Placed,12.07
S0141,7.73,122,4,2,4,79.8,78.7,44.5,Not Placed,2.5
S0142,8.81,119,1,0,4,58.7,50.0,67.4,Placed,9.77
S0143,5.89,122,2,1,4,78.5,65.8,94.7,Not Placed,2.5
S0144,7.68,108,0,0,2,69.1,97.2,100.0,Placed,10.51
S0145,7.76,109,4,1,2,83.0,67.8,78.4,Not Placed,2.5
S0146,8.28,103,3,1,2,53.0,84.5,52.3,Not Placed,2.5
S0147,6.26,129,2,1,2,72.6,77.9,54.0,Placed,12.43
S0148,6.18,125,2,1,2,77.0,65.7,82.0,Not Placed,2.5
S0149,8.02,140,3,0,5,72.0,67.8,89.3,Not Placed,2.5
S0150,7.8,117,3,1,1,72.2,72.3,57.7,Placed,13.22
S0151,7.75,121,1,2,1,88.0,41.3,90.8,Not Placed,2.5
S0152,7.85,121,3,0,5,44.8,83.3,64.3,Placed,13.14
S0153,6.82,102,3,0,3,71.9,68.3,79.4,Placed,12.41
S0154,7.73,105,0,1,2,51.9,83.7,86.3,Not Placed,2.5
S0155,7.79,130,4,0,4,81.4,75.4,44.3,Placed,12.6
S0156,6.79,90,4,0,2,57.4,67.7,75.2,Placed,12.41
S0157,9.37,112,2,1,3,32.9,72.8,90.9,Placed,12.66
S0158,7.97,122,2,0,3,81.7,72.8,59.0,Not Placed,2.5
S0159,6.31,117,2,3,4,66.0,90.7,51.1,Not Placed,2.5
S0160,8.16,123,0,0,4,75.3,70.9,75.9,Not Placed,2.5
S0161,6.53,139,2,1,2,91.4,74.0,70.1,Not Placed,2.5
S0162,8.29,105,2,2,2,75.6,52.3,62.8,Placed,13.8
S0163,8.66,116,3,2,1,72.5,69.3,68.0,Placed,15.66
S0164,6.68,134,0,1,6,69.3,90.4,41.3,Placed,11.03
S0165,8.46,130,1,0,4,52.8,76.0,74.5,Not Placed,2.5
S0166,7.91,101,3,0,3,66.8,54.9,93.5,Not Placed,2.5
S0167,8.32,108,3,2,2,99.6,56.4,56.6,Placed,17.37
S0168,9.4,115,4,0,2,64.4,59.6,54.7,Placed,15.84
S0169,7.25,124,0,1,2,67.7,84.0,70.8,Not Placed,2.5
S0170,6.75,106,3,1,5,88.9,82.3,100.0,Not Placed,2.5
S0171,6.61,139,1,0,1,46.9,30.0,85.6,Placed,8.49
S0172,6.68,123,2,0,3,79.3,68.9,66.5,Not Placed,2.5
S0173,7.42,108,5,1,1,46.2,72.1,68.6,Placed,14.94
S0174,7.84,117,0,1,1,76.0,56.5,87.2,Placed,12.31
S0175,7.78,116,1,0,7,69.7,64.5,53.4,Not Placed,2.5
S0176,8.33,114,3,0,6,79.2,88.6,77.8,Not Placed,2.5
S0177,7.51,118,3,2,1,54.8,75.7,50.1,Not Placed,2.5
S0178,8.95,124,1,0,5,62.0,63.0,82.8,Placed,12.51
S0179,7.24,124,0,0,3,80.0,67.4,63.3,Not Placed,2.5
S0180,10.0,107,3,1,2,62.4,66.8,71.2,Placed,15.39
S0181,8.13,130,3,2,3,81.3,73.9,62.3,Not Placed,2.5
S0182,6.64,97,0,0,3,73.1,50.0,79.2,Not Placed,2.5
S0183,6.43,106,2,2,4,63.3,60.6,65.2,Not Placed,2.5
S0184,7.98,113,0,0,6,65.3,84.5,100.0,Placed,12.43
S0185,7.28,126,4,0,3,70.1,69.0,90.7,Not Placed,2.5
S0186,8.21,131,0,0,3,66.7,58.1,47.1,Not Placed,2.5
S0187,7.97,114,2,0,5,81.0,58.7,71.1,Placed,9.95
S0188,7.43,121,1,0,0,64.4,80.1,79.8,Not Placed,2.5
S0189,6.65,106,0,1,5,61.4,62.8,60.7,Not Placed,2.5
S0190,5.99,118,1,0,2,83.7,77.2,87.4,Not Placed,2.5
S0191,7.05,116,2,0,1,63.7,61.2,85.5,Not Placed,2.5
S0192,8.36,132,5,2,4,61.9,54.2,66.7,Placed,18.06
S0193,7.71,129,1,0,4,32.7,73.4,83.7,Not Placed,2.5
S0194,6.25,117,3,1,5,54.4,68.6,30.0,Not Placed,2.5
S0195,7.67,129,1,0,2,57.4,79.6,89.7,Placed,12.96
S0196,7.89,121,5,0,2,61.9,82.4,82.2,Not Placed,2.5
S0197,6.62,148,2,0,4,59.2,65.0,50.6,Not Placed,2.5
S0198,7.65,104,0,0,4,84.7,74.9,72.0,Placed,8.98
S0199,7.56,118,1,2,3,58.4,64.6,35.6,Placed,10.95
S0200,6.36,103,2,1,1,59.5,78.9,55.8,Not Placed,2.5
S0201,7.86,107,0,0,1,72.3,73.3,85.5,Placed,11.17
S0202,8.06,128,1,1,1,53.5,61.3,67.8,Placed,13.52
S0203,8.58,116,3,0,1,93.5,60.1,66.9,Placed,11.72
S0204,8.55,119,0,0,4,82.0,73.8,68.7,Not Placed,2.5
S0205,6.12,130,0,1,3,52.5,86.3,66.9,Not Placed,2.5
S0206,6.56,126,2,1,4,85.2,82.6,83.8,Not Placed,2.5
S0207,8.02,112,2,0,3,88.3,56.8,58.1,Placed,9.28
S0208,8.01,119,2,0,3,52.9,58.3,74.7,Not Placed,2.5
S0209,8.02,125,4,0,3,52.5,60.3,49.7,Not Placed,2.5
S0210,10.0,124,3,1,0,60.8,61.6,79.9,Placed,17.09
S0211,8.07,99,1,0,6,48.8,44.6,62.9,Not Placed,2.5
S0212,8.64,107,3,1,4,58.3,81.1,67.3,Placed,14.34
S0213,8.45,120,1,0,1,64.0,63.6,62.2,Not Placed,2.5
S0214,8.15,92,3,2,6,77.6,76.5,64.2,Not Placed,2.5
S0215,7.18,127,3,0,1,71.2,65.6,51.9,Not Placed,2.5
S0216,8.26,100,2,1,3,67.8,69.7,73.3,Placed,12.31
S0217,6.73,115,3,0,6,62.8,60.4,76.9,Placed,10.93
S0218,7.26,115,2,0,3,50.4,69.6,46.7,Not Placed,2.5
S0219,7.01,125,3,1,1,78.9,57.8,58.5,Not Placed,2.5
S0220,7.58,108,1,1,4,78.5,69.7,68.5,Placed,12.54
S0221,9.81,125,3,0,1,60.7,90.4,58.4,Placed,15.28
S0222,5.63,112,2,0,4,53.5,77.3,64.4,Placed,6.65
S0223,8.19,113,4,1,5,93.3,74.1,93.9,Placed,13.77
S0224,5.89,124,3,1,1,73.7,51.5,51.7,Not Placed,2.5
S0225,7.03,110,1,2,2,76.0,77.9,31.0,Placed,11.93
S0226,8.59,124,1,0,5,76.6,79.3,58.4,Placed,11.4
S0227,7.56,125,2,2,9,52.0,73.8,62.7,Not Placed,2.5
S0228,6.42,130,4,0,5,92.5,73.0,60.2,Not Placed,2.5
S0229,6.78,123,2,1,4,63.9,68.0,72.3,Placed,12.21
S0230,8.18,131,3,1,4,82.3,79.1,51.6,Placed,14.01
S0231,6.77,105,1,0,4,91.9,89.6,49.2,Placed,10.33
S0232,7.72,140,2,1,3,71.2,74.6,57.2,Not Placed,2.5
S0233,7.55,116,4,0,2,52.3,56.4,57.5,Placed,10.94
S0234,6.85,118,4,1,2,32.6,57.5,100.0,Not Placed,2.5
S0235,9.64,143,1,2,7,69.4,80.2,92.8,Not Placed,2.5
S0236,8.13,105,3,0,4,73.8,56.5,41.3,Not Placed,2.5
S0237,5.47,135,0,0,3,61.3,72.8,37.1,Placed,8.46
S0238,7.69,113,2,2,1,72.0,65.2,66.6,Placed,13.48
S0239,6.84,139,5,1,1,76.5,55.0,98.6,Placed,15.36
S0240,8.35,129,1,0,2,84.9,81.7,78.7,Placed,12.1
S0241,6.71,133,2,0,2,66.6,79.9,67.5,Not Placed,2.5
S0242,7.39,129,2,0,4,69.3,51.0,60.7,Not Placed,2.5
S0243,8.0,108,0,0,3,67.3,76.7,85.2,Not Placed,2.5
S0244,8.37,93,3,1,4,70.5,74.7,70.8,Not Placed,2.5
S0245,6.3,106,1,0,6,62.3,81.7,95.7,Placed,6.87
S0246,7.17,131,4,0,2,62.2,72.3,41.0,Not Placed,2.5
S0247,7.03,120,5,2,5,63.2,90.0,74.8,Not Placed,2.5
S0248,6.85,128,3,1,1,72.3,68.2,59.0,Placed,12.25
S0249,9.27,123,2,1,4,57.3,66.2,74.6,Not Placed,2.5
S0250,7.9,113,0,0,2,63.2,56.4,72.0,Placed,11.86
S0251,6.24,126,3,2,5,97.1,56.9,76.2,Placed,14.11
S0252,8.42,124,1,0,2,83.4,55.7,83.6,Not Placed,2.5
S0253,9.62,107,1,1,4,55.6,73.1,90.2,Not Placed,2.5
S0254,8.53,103,1,0,2,83.0,66.2,99.2,Placed,12.65
S0255,5.98,130,1,0,6,79.4,74.6,68.3,Placed,9.45
S0256,7.02,122,2,0,2,68.4,53.1,59.3,Not Placed,2.5
S0257,8.77,124,2,1,0,59.4,58.0,48.4,Not Placed,2.5
S0258,6.79,115,1,0,2,57.7,57.8,75.0,Not Placed,2.5
S0259,7.94,122,0,1,3,73.4,100.0,81.4,Placed,10.01
S0260,8.27,129,5,0,2,57.3,67.7,46.4,Not Placed,2.5
S0261,6.57,128,0,0,4,86.5,69.1,86.3,Not Placed,2.5
S0262,7.44,147,0,0,2,90.7,68.9,66.4,Placed,11.02
S0263,5.0,114,1,1,2,69.4,91.7,47.9,Not Placed,2.5
S0264,6.48,114,1,3,4,87.1,47.4,54.4,Placed,12.64
S0265,7.25,118,3,0,1,63.8,69.2,52.9,Not Placed,2.5
S0266,6.25,135,1,0,1,59.3,47.3,53.2,Placed,9.0
S0267,9.13,116,0,1,4,86.5,36.7,77.1,Not Placed,2.5
S0268,6.07,126,1,0,3,93.7,59.7,81.8,Placed,9.76
S0269,7.06,124,4,1,8,99.4,75.8,95.2,Placed,14.91
S0270,7.63,130,2,1,1,75.0,58.8,56.8,Not Placed,2.5
S0271,8.94,123,0,0,4,82.9,75.5,73.5,Not Placed,2.5
S0272,6.06,125,3,1,2,74.7,71.5,57.6,Placed,11.7
S0273,8.66,122,1,0,2,91.1,68.1,68.3,Placed,10.94
S0274,7.51,122,1,1,3,76.5,87.7,44.3,Placed,11.68
S0275,6.52,126,0,1,4,82.1,61.7,50.0,Not Placed,2.5
S0276,7.96,112,3,1,3,53.0,75.3,80.8,Not Placed,2.5
S0277,7.7,120,1,1,4,66.5,44.8,44.3,Not Placed,2.5
S0278,6.9,97,0,1,5,82.2,71.4,77.8,Not Placed,2.5
S0279,7.57,130,2,0,5,80.9,66.4,57.2,Placed,10.91
S0280,7.11,130,3,0,2,83.5,53.4,37.2,Placed,9.1
S0281,7.61,118,1,1,5,71.8,75.6,30.0,Placed,11.74
S0282,8.16,114,5,1,3,60.2,59.7,91.4,Placed,12.9
S0283,9.09,102,3,0,5,69.1,94.3,37.5,Placed,14.31
S0284,6.26,123,3,0,3,70.7,35.9,67.0,Placed,12.15
S0285,9.63,125,4,1,6,73.6,73.5,73.7,Placed,12.28
S0286,5.55,124,1,3,1,55.5,70.6,47.0,Placed,13.01
S0287,7.35,105,2,2,1,66.0,66.1,59.1,Placed,14.41
S0288,8.09,132,2,1,4,68.7,62.6,75.7,Not Placed,2.5
S0289,7.78,122,2,1,3,36.4,71.0,72.7,Not Placed,2.5
S0290,6.88,109,2,0,7,82.5,84.9,60.6,Placed,8.75
S0291,7.29,115,3,0,2,72.5,46.6,71.8,Not Placed,2.5
S0292,7.01,112,3,0,0,74.0,58.7,66.4,Placed,13.13
S0293,6.91,112,2,1,2,62.3,55.3,52.5,Not Placed,2.5
S0294,8.35,134,3,1,3,78.8,54.6,87.2,Not Placed,2.5
S0295,7.86,109,1,1,2,57.5,74.8,71.3,Placed,11.66
S0296,6.81,119,3,1,3,59.9,78.3,38.5,Not Placed,2.5
S0297,8.4,106,5,0,3,79.4,84.9,76.3,Not Placed,2.5
S0298,7.81,128,0,1,1,75.4,78.5,58.2,Not Placed,2.5
S0299,8.31,118,1,0,4,50.8,79.6,63.4,Not Placed,2.5
S0300,8.13,129,2,1,4,93.7,50.2,68.1,Placed,12.96
S0301,6.67,123,0,1,4,58.6,90.8,55.3,Placed,9.88
S0302,6.94,128,2,0,3,68.0,67.1,96.8,Placed,13.98
S0303,8.25,147,0,0,2,96.2,84.5,44.1,Placed,10.02
S0304,8.11,97,2,0,2,39.1,50.7,68.9,Not Placed,2.5
S0305,7.48,112,1,2,2,44.4,66.6,74.1,Not Placed,2.5
S0306,7.62,137,3,0,0,76.6,83.2,68.7,Placed,12.34
S0307,8.78,112,2,1,4,32.8,70.4,64.9,Placed,14.12
S0308,6.91,118,5,0,2,39.3,59.4,62.0,Not Placed,2.5
S0309,8.05,99,3,0,4,87.6,88.3,55.1,Placed,11.92
S0310,7.3,88,1,1,2,63.9,53.6,54.9,Not Placed,2.5
S0311,7.28,137,1,0,7,100.0,69.7,86.5,Not Placed,2.5
S0312,8.6,121,3,2,5,54.5,79.0,60.9,Placed,16.93
S0313,8.33,115,0,0,3,65.2,99.3,100.0,Not Placed,2.5
S0314,8.31,141,0,0,1,78.1,63.6,78.7,Not Placed,2.5
S0315,8.81,117,1,0,4,77.1,66.1,30.0,Placed,10.99
S0316,7.52,112,1,1,1,66.2,63.8,82.1,Not Placed,2.5
S0317,8.18,109,2,2,2,60.3,73.3,67.1,Placed,15.92
S0318,7.19,119,4,0,2,73.5,78.2,45.8,Not Placed,2.5
S0319,7.82,123,2,1,4,90.7,85.3,88.9,Placed,11.65
S0320,7.37,104,6,1,5,81.4,80.6,61.0,Not Placed,2.5
S0321,7.6,110,1,1,2,60.5,63.0,59.7,Placed,8.57
S0322,8.1,133,2,1,2,55.1,81.4,74.0,Not Placed,2.5
S0323,6.68,121,1,1,2,59.6,71.3,86.3,Placed,11.53
S0324,9.59,134,3,0,3,50.9,80.4,69.8,Placed,13.93
S0325,6.49,99,3,0,4,72.2,81.2,68.7,Not Placed,2.5
S0326,6.29,121,2,0,1,82.2,92.8,56.9,Not Placed,2.5
S0327,8.66,119,4,0,4,68.9,65.0,86.0,Placed,15.45
S0328,8.29,133,2,0,5,95.8,62.4,70.0,Not Placed,2.5
S0329,8.12,119,3,1,1,96.6,76.3,64.4,Placed,13.13
S0330,8.13,125,2,0,2,74.6,86.6,62.4,Placed,9.5
S0331,7.49,98,2,1,3,80.5,70.8,84.4,Placed,13.52
S0332,6.6,131,1,0,1,56.5,87.5,63.8,Not Placed,2.5
S0333,7.58,109,3,2,3,64.6,79.7,84.5,Placed,15.46
S0334,6.82,108,3,1,4,89.1,67.2,60.5,Placed,13.79
S0335,8.48,129,2,1,4,61.3,77.9,79.6,Not Placed,2.5
S0336,7.35,110,0,1,3,92.3,63.9,71.3,Placed,8.92
S0337,6.67,135,1,3,5,86.7,73.3,52.8,Placed,13.21
S0338,7.18,111,1,0,1,81.3,55.0,66.6,Not Placed,2.5
S0339,7.91,84,5,1,4,52.4,69.0,33.0,Not Placed,2.5
S0340,6.94,119,1,0,2,65.3,84.0,56.1,Placed,10.51
S0341,6.68,121,3,2,1,79.7,80.7,42.8,Placed,10.03
S0342,7.74,104,2,1,4,55.2,78.7,100.0,Placed,14.17
S0343,7.74,132,3,0,3,67.1,74.0,42.9,Placed,10.55
S0344,6.99,110,4,0,2,81.3,72.2,100.0,Placed,13.74
S0345,7.03,113,3,1,2,61.5,52.3,76.2,Placed,13.6
S0346,7.73,122,3,0,1,57.3,67.1,59.7,Not Placed,2.5
S0347,6.05,130,2,1,2,43.0,72.6,80.9,Placed,10.87
S0348,6.09,138,3,1,4,64.2,54.3,57.7,Placed,13.39
S0349,6.78,107,2,1,4,81.6,45.5,45.4,Not Placed,2.5
S0350,7.29,130,2,0,6,56.9,85.8,69.3,Placed,11.51
S0351,7.81,133,5,0,1,70.3,70.7,79.2,Placed,12.95
S0352,8.98,106,4,0,4,66.6,72.9,88.5,Placed,15.37
S0353,8.36,109,1,1,0,60.0,77.8,76.0,Placed,15.54
S0354,7.34,125,2,1,2,82.6,56.2,59.5,Not Placed,2.5
S0355,7.48,118,3,0,2,94.6,64.4,90.2,Not Placed,2.5
S0356,6.5,131,2,2,2,85.1,91.1,86.6,Not Placed,2.5
S0357,7.48,124,2,1,1,59.6,63.2,72.3,Not Placed,2.5
S0358,7.21,135,0,0,3,99.9,66.3,87.4,Not Placed,2.5
S0359,7.82,108,3,2,5,85.0,60.6,100.0,Placed,15.32
S0360,6.67,122,2,2,1,63.1,59.6,59.3,Not Placed,2.5
S0361,8.02,127,3,1,2,58.4,85.5,53.6,Not Placed,2.5
S0362,9.03,101,2,1,5,86.8,35.3,58.8,Not Placed,2.5
S0363,7.39,109,3,1,2,72.6,63.6,46.4,Placed,9.94
S0364,7.9,131,2,1,2,57.2,73.2,77.5,Placed,12.45
S0365,8.19,127,2,0,4,67.8,93.8,42.2,Placed,12.06
S0366,7.1,119,2,3,2,63.9,54.1,88.2,Placed,16.47
S0367,7.72,119,3,0,2,57.6,51.7,57.2,Placed,11.86
S0368,7.51,120,2,1,3,85.2,58.0,89.7,Placed,11.68
S0369,7.6,115,1,1,4,81.7,79.8,30.0,Not Placed,2.5
S0370,6.73,127,1,0,4,82.6,71.8,61.8,Not Placed,2.5
S0371,7.52,103,3,0,4,82.4,49.8,47.3,Placed,10.67
S0372,8.0,106,0,0,5,56.3,71.4,89.7,Placed,9.78
S0373,8.95,118,0,1,2,60.9,91.7,94.9,Placed,12.43
S0374,8.46,125,3,0,0,91.9,73.7,30.5,Placed,9.62
S0375,9.65,115,2,0,3,71.6,72.3,81.9,Not Placed,2.5
S0376,6.73,119,2,1,3,47.9,73.1,85.1,Not Placed,2.5
S0377,8.37,124,0,1,2,73.3,75.8,73.2,Placed,14.18
S0378,7.68,126,2,3,3,79.8,52.3,77.4,Not Placed,2.5
S0379,9.69,126,1,0,5,77.9,66.8,76.3,Placed,14.44
S0380,6.69,108,2,0,1,55.9,67.5,81.9,Not Placed,2.5
S0381,6.66,111,3,3,2,98.3,63.2,50.5,Not Placed,2.5
S0382,6.9,113,1,1,4,47.5,79.6,87.2,Not Placed,2.5
S0383,5.38,126,5,0,2,71.7,61.1,71.3,Placed,11.3
S0384,6.97,114,1,0,0,96.0,65.0,70.4,Placed,11.18
S0385,6.74,134,2,0,5,78.9,52.4,77.1,Not Placed,2.5
S0386,7.65,130,2,1,0,82.5,75.3,47.7,Not Placed,2.5
S0387,7.84,112,1,0,2,54.2,83.2,43.1,Not Placed,2.5
S0388,9.38,125,3,2,3,75.2,64.9,66.1,Not Placed,2.5
S0389,8.45,104,1,0,2,69.5,81.3,92.7,Placed,12.33
S0390,6.92,119,1,2,6,53.0,67.9,49.0,Placed,12.2
S0391,6.6,121,1,1,5,83.0,34.6,70.8,Placed,10.6
S0392,7.99,117,1,0,3,57.7,69.3,56.5,Not Placed,2.5
S0393,6.18,113,4,2,4,59.5,67.5,54.4,Placed,9.82
S0394,9.33,113,0,3,5,76.5,71.4,76.0,Placed,14.02
S0395,8.68,129,1,1,2,67.9,73.5,80.2,Not Placed,2.5
S0396,7.03,128,1,1,2,72.5,60.4,55.4,Placed,11.42
S0397,5.79,132,1,0,4,66.9,90.6,90.2,Placed,6.51
S0398,8.85,134,1,1,4,91.2,69.1,74.8,Placed,12.72
S0399,7.39,127,1,0,7,56.1,67.2,64.1,Placed,9.2
S0400,8.74,103,0,0,6,63.0,80.4,73.6,Placed,11.05
S0401,5.91,113,3,1,4,77.2,70.3,100.0,Placed,12.57
S0402,6.9,113,0,1,3,55.2,100.0,80.1,Placed,9.21
S0403,7.51,128,3,0,5,54.5,67.1,56.8,Not Placed,2.5
S0404,7.55,137,1,0,2,72.1,74.9,67.7,Placed,9.59
S0405,7.05,125,6,0,6,83.0,59.5,70.1,Placed,13.3
S0406,8.12,136,1,0,2,85.0,82.2,78.6,Not Placed,2.5
S0407,6.43,101,2,0,6,71.4,74.3,71.8,Not Placed,2.5
S0408,7.36,130,1,2,3,59.9,65.3,98.3,Placed,11.92
S0409,7.62,133,1,0,2,74.1,57.8,64.4,Not Placed,2.5
S0410,8.01,123,4,1,5,78.5,51.7,40.3,Placed,12.01
S0411,8.21,103,1,0,3,73.9,75.9,71.4,Placed,12.41
S0412,6.38,125,2,1,2,88.5,50.6,60.9,Placed,10.14
S0413,5.97,135,3,1,2,54.8,88.3,43.9,Not Placed,2.5
S0414,8.78,120,0,0,1,59.5,52.3,56.7,Not Placed,2.5
S0415,7.83,114,1,1,4,86.4,67.5,62.3,Not Placed,2.5
S0416,6.75,129,1,1,2,47.9,57.7,86.2,Placed,11.26
S0417,9.05,136,1,0,3,61.9,70.5,44.3,Not Placed,2.5
S0418,7.62,123,3,3,2,59.0,70.4,73.6,Placed,14.96
S0419,8.68,123,1,0,3,46.5,76.2,100.0,Not Placed,2.5
S0420,7.57,111,2,0,2,67.2,48.6,65.2,Placed,6.14
S0421,9.56,104,3,0,0,81.2,59.3,64.7,Placed,11.27
S0422,9.26,120,1,1,2,72.3,83.6,79.5,Placed,14.49
S0423,7.25,145,2,0,3,82.0,79.2,76.4,Not Placed,2.5
S0424,8.47,128,3,0,1,87.9,35.0,90.7,Placed,15.8
S0425,8.15,124,1,1,2,64.2,75.3,65.3,Placed,10.84
S0426,8.87,112,2,0,3,100.0,55.5,79.2,Not Placed,2.5
S0427,6.54,119,3,0,1,64.8,61.7,79.5,Not Placed,2.5
S0428,8.19,106,2,1,4,66.8,66.8,62.6,Not Placed,2.5
S0429,8.56,119,0,2,1,59.4,91.8,66.2,Placed,14.35
S0430,5.74,123,3,1,5,78.2,55.4,67.8,Not Placed,2.5
S0431,6.32,110,2,2,1,65.6,50.3,48.2,Not Placed,2.5
S0432,5.46,110,2,0,1,68.8,76.3,61.8,Placed,8.33
S0433,7.23,104,0,0,5,66.9,69.6,91.9,Not Placed,2.5
S0434,8.22,131,1,1,0,66.6,86.9,84.6,Placed,12.58
S0435,9.0,120,0,1,2,72.4,65.1,58.7,Not Placed,2.5
S0436,7.57,141,1,1,2,63.2,87.0,67.7,Not Placed,2.5
S0437,9.13,102,1,1,4,64.0,70.2,83.5,Placed,13.23
S0438,6.12,104,2,1,2,86.1,77.4,75.1,Not Placed,2.5
S0439,5.8,120,3,0,4,65.6,92.7,80.8,Placed,12.23
S0440,7.44,120,3,0,5,75.8,67.7,76.5,Placed,13.56
S0441,7.88,112,2,1,2,56.7,84.6,71.4,Placed,9.4
S0442,7.47,117,2,1,3,63.3,61.4,65.3,Placed,11.96
S0443,5.43,137,4,2,4,51.5,73.2,48.9,Not Placed,2.5
S0444,7.41,123,1,0,5,97.8,49.8,79.1,Placed,12.57
S0445,6.2,131,3,0,2,90.6,62.9,64.5,Placed,10.4
S0446,8.17,124,3,0,4,78.9,55.2,41.6,Not Placed,2.5
S0447,7.87,112,4,0,4,100.0,87.1,59.3,Placed,13.1
S0448,6.56,123,2,1,2,81.6,94.3,81.6,Not Placed,2.5
S0449,6.99,104,4,1,3,67.4,65.0,37.3,Placed,14.23
S0450,6.44,119,3,1,0,75.6,59.2,51.5,Not Placed,2.5
S0451,7.44,105,2,1,7,90.4,51.6,70.2,Not Placed,2.5
S0452,8.46,128,3,0,0,56.8,73.7,90.5,Not Placed,2.5
S0453,6.51,101,2,0,0,52.4,61.6,84.0,Placed,8.02
S0454,8.0,142,2,2,1,76.1,62.3,92.0,Not Placed,2.5
S0455,6.97,126,4,0,1,61.2,92.8,71.3,Placed,12.24
S0456,6.71,123,4,0,0,36.1,65.9,64.7,Not Placed,2.5
S0457,7.39,124,1,1,1,51.4,78.2,81.5,Not Placed,2.5
S0458,6.46,124,1,3,5,65.3,70.7,53.6,Placed,13.42
S0459,6.95,127,0,2,0,70.7,51.0,52.4,Placed,12.15
S0460,6.3,137,3,1,6,71.2,44.2,49.5,Not Placed,2.5
S0461,9.46,121,1,0,3,100.0,76.8,85.4,Placed,15.96
S0462,7.54,113,6,0,4,66.9,93.9,54.6,Not Placed,2.5
S0463,6.8,122,1,0,0,74.2,74.4,84.0,Not Placed,2.5
S0464,7.71,105,1,1,7,45.6,78.7,70.4,Not Placed,2.5
S0465,7.39,115,3,2,4,69.5,57.3,85.6,Placed,14.39
S0466,7.28,125,3,0,0,75.0,84.2,50.3,Placed,12.26
S0467,8.11,126,0,1,2,49.4,84.0,58.0,Placed,12.19
S0468,8.26,126,2,0,8,56.0,60.3,75.3,Not Placed,2.5
S0469,6.97,114,1,1,3,77.3,77.6,61.1,Placed,11.34
S0470,6.92,118,3,1,2,61.8,45.3,30.0,Not Placed,2.5
S0471,7.22,138,1,0,3,68.5,80.1,46.0,Not Placed,2.5
S0472,5.2,114,3,0,4,78.1,62.0,50.2,Not Placed,2.5
S0473,5.98,116,5,2,1,100.0,52.8,51.4,Placed,13.37
S0474,8.87,127,0,0,5,66.7,75.6,78.9,Placed,12.86
S0475,9.14,116,1,0,1,96.5,45.2,73.4,Placed,11.71
S0476,7.25,118,2,1,5,40.6,74.8,70.6,Placed,13.84
S0477,8.08,136,1,0,2,72.2,54.1,100.0,Placed,12.62
S0478,7.81,107,5,1,1,65.0,51.2,86.8,Not Placed,2.5
S0479,10.0,125,1,1,0,62.0,70.8,80.8,Placed,15.47
S0480,8.62,115,3,0,2,79.9,67.6,44.1,Not Placed,2.5
S0481,7.37,117,2,0,1,66.8,90.4,69.0,Placed,10.38
S0482,6.54,126,2,0,2,39.6,52.0,72.8,Not Placed,2.5
S0483,5.89,116,0,2,0,46.2,89.3,61.4,Placed,10.02
S0484,7.7,126,2,0,3,80.8,54.1,95.3,Not Placed,2.5
S0485,6.74,119,2,1,6,45.4,82.9,68.8,Not Placed,2.5
S0486,6.08,120,4,0,2,81.2,85.5,48.3,Not Placed,2.5
S0487,6.85,116,0,0,0,71.9,74.5,52.0,Not Placed,2.5
S0488,6.42,107,3,0,2,67.4,58.9,100.0,Not Placed,2.5
S0489,9.19,129,3,2,1,68.8,48.7,61.3,Not Placed,2.5
S0490,8.38,113,3,1,6,77.7,42.7,34.7,Not Placed,2.5
S0491,7.49,105,2,0,4,52.3,95.9,58.4,Placed,11.1
S0492,8.98,114,0,0,1,70.6,65.8,38.8,Not Placed,2.5
S0493,7.58,123,2,1,2,52.9,54.5,82.7,Placed,11.3
S0494,6.64,149,2,1,5,72.5,54.0,36.7,Placed,12.36
S0495,9.02,116,1,0,2,79.7,72.4,45.6,Placed,11.3
S0496,8.04,121,0,0,3,72.5,64.5,68.1,Not Placed,2.5
S0497,6.46,122,0,1,2,79.1,43.1,85.8,Not Placed,2.5
S0498,7.31,129,1,1,1,59.5,82.1,66.9,Not Placed,2.5
S0499,6.62,118,0,0,5,69.1,74.7,47.9,Not Placed,2.5
S0500,6.12,112,2,0,3,66.4,95.8,70.9,Not Placed,2.5
S0501,8.43,97,1,0,3,65.4,86.0,60.5,Placed,10.56
S0502,9.41,122,3,0,2,58.0,30.0,86.1,Not Placed,2.5
S0503,6.1,122,1,0,5,63.5,89.8,81.7,Placed,8.66
S0504,8.06,118,1,1,2,53.3,86.9,59.4,Placed,10.7
S0505,6.85,120,6,0,2,44.6,59.7,80.5,Placed,15.61
S0506,7.01,124,3,0,2,59.5,63.9,72.3,Not Placed,2.5
S0507,6.91,124,1,0,0,79.4,75.8,89.9,Placed,9.18
S0508,6.64,117,1,0,3,73.5,55.8,79.8,Placed,7.36
S0509,7.55,119,4,0,5,51.2,66.6,76.8,Not Placed,2.5
S0510,6.67,138,3,1,2,63.9,84.0,89.2,Not Placed,2.5
S0511,7.77,121,0,0,2,80.4,77.2,68.2,Not Placed,2.5
S0512,7.45,106,0,0,4,63.3,60.7,55.6,Not Placed,2.5
S0513,7.26,105,3,0,5,48.7,84.3,71.2,Not Placed,2.5
S0514,6.59,112,3,1,4,100.0,74.2,62.3,Placed,11.12
S0515,6.92,143,4,0,2,67.5,73.8,77.7,Placed,11.38
S0516,8.26,119,2,1,2,52.5,62.8,69.0,Placed,13.83
S0517,8.0,119,1,1,2,72.6,69.9,74.4,Placed,12.87
S0518,6.52,123,4,0,2,68.7,59.2,48.7,Placed,10.21
S0519,7.6,113,2,1,2,46.9,42.8,76.1,Not Placed,2.5
S0520,8.25,129,1,1,3,71.4,66.1,47.4,Placed,14.19
S0521,5.83,120,2,0,5,84.8,68.3,83.4,Not Placed,2.5
S0522,8.04,122,2,3,3,66.5,71.9,83.4,Not Placed,2.5
S0523,6.84,132,2,0,3,39.1,87.0,73.6,Not Placed,2.5
S0524,8.07,122,1,0,5,75.1,60.9,73.0,Placed,12.48
S0525,6.74,109,0,0,4,79.0,64.9,64.4,Placed,8.05
S0526,5.7,133,3,0,1,61.2,80.7,58.3,Not Placed,2.5
S0527,5.87,118,4,0,2,61.3,59.5,67.8,Not Placed,2.5
S0528,7.55,124,6,1,1,100.0,72.2,99.7,Not Placed,2.5
S0529,7.76,126,4,0,5,60.1,64.3,71.7,Not Placed,2.5
S0530,6.6,126,2,0,0,53.2,66.6,46.5,Placed,10.03
S0531,8.14,113,1,2,5,70.4,80.6,40.7,Placed,13.83
S0532,5.84,131,4,0,4,78.6,64.8,45.0,Placed,10.45
S0533,7.43,126,2,1,3,78.0,81.1,62.0,Not Placed,2.5
S0534,6.29,113,3,1,3,33.0,42.7,88.3,Placed,10.26
S0535,6.85,128,2,0,3,60.1,50.0,51.6,Not Placed,2.5
S0536,7.55,128,3,1,1,87.3,37.5,90.7,Placed,12.7
S0537,6.64,129,0,0,1,74.9,53.7,70.9,Placed,9.82
S0538,7.12,125,2,1,2,51.5,96.0,75.7,Not Placed,2.5
S0539,8.51,133,2,0,3,88.6,69.8,75.3,Not Placed,2.5
S0540,6.92,102,2,0,3,84.5,59.9,77.5,Placed,9.57
S0541,8.34,101,3,0,3,65.6,81.0,61.4,Placed,15.01
S0542,6.37,117,2,0,4,83.2,82.9,30.6,Not Placed,2.5
S0543,8.03,115,2,0,5,100.0,52.9,58.6,Not Placed,2.5
S0544,8.94,121,3,1,2,54.2,100.0,53.8,Placed,13.91
S0545,5.03,101,5,2,2,78.3,73.9,73.0,Not Placed,2.5
S0546,6.7,130,3,0,3,99.8,75.6,71.5,Placed,8.7
S0547,8.08,95,0,0,2,79.8,77.0,63.6,Placed,8.43
S0548,7.3,117,2,0,4,58.7,76.9,96.1,Placed,10.85
S0549,7.87,111,3,1,5,73.6,61.3,57.7,Not Placed,2.5
S0550,6.9,117,2,0,4,90.5,99.6,32.4,Placed,10.48
S0551,7.59,114,3,0,4,54.8,66.0,69.9,Not Placed,2.5
S0552,7.34,111,2,1,5,69.5,83.4,87.0,Placed,13.51
S0553,8.67,115,0,1,2,66.3,63.4,72.6,Placed,11.22
S0554,7.75,105,2,1,5,60.5,60.9,62.3,Placed,12.13
S0555,7.84,120,1,0,1,73.6,96.6,71.8,Not Placed,2.5
S0556,7.09,123,2,2,2,68.5,68.5,97.4,Placed,11.89
S0557,7.01,100,2,0,3,79.7,69.5,54.0,Placed,6.9
S0558,7.07,111,4,2,3,87.1,74.0,68.5,Placed,13.46
S0559,7.89,132,0,1,3,50.9,100.0,78.7,Placed,7.89
S0560,7.08,122,2,0,2,71.0,100.0,72.1,Not Placed,2.5
S0561,7.79,106,0,2,5,69.2,88.0,64.0,Placed,12.76
S0562,9.58,112,0,0,3,73.1,100.0,61.2,Placed,11.98
S0563,8.37,113,1,1,2,69.8,56.8,63.4,Not Placed,2.5
S0564,7.17,124,2,0,3,55.3,79.2,76.5,Not Placed,2.5
S0565,8.7,128,0,1,6,91.8,71.1,75.6,Placed,11.36
S0566,7.09,94,1,1,8,98.2,45.2,100.0,Placed,12.44
S0567,5.46,127,4,1,3,78.2,76.5,43.4,Placed,9.73
S0568,6.49,132,3,1,0,79.0,63.1,96.1,Not Placed,2.5
S0569,5.63,111,4,0,5,72.0,91.5,64.7,Not Placed,2.5
S0570,7.15,114,2,0,3,84.5,64.5,66.6,Not Placed,2.5
S0571,7.52,115,2,0,4,33.4,63.7,81.7,Placed,10.81
S0572,9.18,133,2,0,3,69.9,91.5,81.6,Placed,14.13
S0573,7.83,118,1,1,2,61.4,69.1,86.5,Not Placed,2.5
S0574,7.28,116,1,2,3,72.2,86.3,90.0,Placed,10.78
S0575,8.33,102,1,0,1,86.4,75.9,67.4,Not Placed,2.5
S0576,5.29,120,1,0,3,70.3,76.1,90.2,Not Placed,2.5
S0577,7.74,124,3,0,0,64.6,66.6,57.9,Placed,10.68
S0578,8.27,127,2,0,1,49.0,77.0,63.1,Not Placed,2.5
S0579,6.02,145,2,2,3,68.4,68.2,65.1,Not Placed,2.5
S0580,8.64,113,2,0,1,80.1,58.7,59.6,Placed,12.48
S0581,7.84,130,0,1,0,57.4,68.5,69.0,Placed,11.77
S0582,7.08,95,1,3,0,39.9,88.0,82.3,Not Placed,2.5
S0583,8.13,147,4,1,4,100.0,77.5,78.4,Not Placed,2.5
S0584,9.77,118,2,1,3,75.0,80.8,58.2,Placed,11.67
S0585,7.68,110,4,0,4,66.7,70.0,56.9,Placed,11.11
S0586,7.75,116,4,1,7,90.9,42.9,54.3,Not Placed,2.5
S0587,7.04,129,2,2,3,72.1,52.9,69.4,Placed,13.14
S0588,6.65,110,1,0,1,90.0,66.0,42.7,Placed,12.03
S0589,8.33,119,3,1,3,88.7,54.1,53.8,Placed,14.87
S0590,6.64,110,3,2,3,50.9,62.7,60.7,Placed,9.57
S0591,7.57,123,1,1,2,76.9,62.2,84.9,Placed,9.78
S0592,7.02,106,1,0,7,95.9,62.6,65.9,Not Placed,2.5
S0593,7.98,128,4,1,2,55.0,90.1,84.1,Not Placed,2.5
S0594,7.83,125,1,1,4,55.2,69.3,71.0,Not Placed,2.5
S0595,8.54,127,4,0,3,57.7,83.1,60.4,Not Placed,2.5
S0596,6.99,136,0,1,2,83.4,72.3,61.1,Not Placed,2.5
S0597,7.23,116,3,2,0,74.3,89.8,49.3,Not Placed,2.5
S0598,6.52,104,3,0,7,41.0,84.3,100.0,Placed,11.61
S0599,7.06,112,3,0,5,75.1,61.7,85.8,Placed,12.75
S0600,7.88,115,2,0,5,66.2,97.5,77.7,Not Placed,2.5
S0601,8.26,105,1,1,1,68.3,63.6,47.1,Not Placed,2.5
S0602,6.58,120,0,0,4,57.4,72.8,60.8,Not Placed,2.5
S0603,8.37,121,2,1,4,75.2,75.3,52.4,Not Placed,2.5
S0604,8.86,126,2,0,2,85.8,76.8,70.0,Not Placed,2.5
S0605,7.91,129,2,0,1,60.4,81.1,53.2,Not Placed,2.5
S0606,9.38,105,3,3,4,44.8,59.4,57.3,Not Placed,2.5
S0607,6.73,129,3,1,5,65.5,80.0,53.6,Placed,9.75
S0608,6.26,105,1,0,5,81.3,78.1,64.2,Placed,9.92
S0609,5.72,129,2,1,2,63.7,70.0,69.1,Not Placed,2.5
S0610,9.0,115,1,1,6,47.5,67.3,64.6,Not Placed,2.5
S0611,8.15,133,2,2,3,81.4,58.7,92.5,Placed,16.55
S0612,7.44,136,0,1,4,91.2,76.7,81.0,Not Placed,2.5
S0613,7.78,130,1,1,4,70.3,60.8,55.5,Placed,10.11
S0614,6.37,117,1,0,2,45.9,73.3,73.2,Placed,9.28
S0615,9.95,99,2,0,10,65.2,68.6,56.8,Not Placed,2.5
S0616,7.63,111,1,0,4,72.3,51.3,61.7,Not Placed,2.5
S0617,7.61,128,1,1,3,57.9,56.9,75.7,Placed,12.01
S0618,8.23,143,2,0,0,78.8,75.7,78.7,Not Placed,2.5
S0619,7.98,149,4,0,2,56.4,62.7,58.6,Placed,12.58
S0620,7.72,116,0,0,2,70.4,62.2,50.3,Not Placed,2.5
S0621,6.71,109,1,2,1,66.6,59.3,69.4,Placed,10.26
S0622,7.97,124,4,1,4,79.2,59.8,75.0,Placed,13.13
S0623,9.38,122,2,0,4,69.8,93.0,57.8,Not Placed,2.5
S0624,8.85,131,1,1,2,67.1,54.3,81.1,Not Placed,2.5
S0625,9.09,116,1,2,3,58.0,90.6,78.2,Placed,15.8
S0626,6.99,112,3,2,6,70.5,65.4,57.6,Placed,11.43
S0627,6.51,138,1,1,2,66.1,60.8,86.1,Not Placed,2.5
S0628,7.37,119,3,2,2,56.9,75.4,86.6,Placed,11.91
S0629,7.56,127,3,0,4,72.4,70.7,100.0,Placed,13.22
S0630,8.59,107,2,1,5,75.5,67.2,95.4,Not Placed,2.5
S0631,5.81,124,2,0,2,64.9,73.1,53.6,Placed,7.8
S0632,9.03,121,4,0,2,84.0,70.5,82.8,Placed,14.66
S0633,7.34,120,1,0,4,74.0,67.0,82.1,Placed,11.47
S0634,7.07,101,1,0,3,50.7,83.1,62.4,Not Placed,2.5
S0635,6.49,131,2,0,4,90.1,49.7,75.3,Not Placed,2.5
S0636,5.85,121,1,0,3,81.5,57.2,38.0,Not Placed,2.5
S0637,8.32,93,3,1,2,85.0,59.0,37.5,Not Placed,2.5
S0638,7.57,118,3,0,5,76.0,55.2,40.6,Not Placed,2.5
S0639,6.21,133,4,0,0,34.9,71.2,74.2,Not Placed,2.5
S0640,6.2,148,1,1,4,86.4,77.1,75.0,Not Placed,2.5
S0641,7.16,122,1,0,3,70.9,42.5,63.6,Not Placed,2.5
S0642,9.17,118,1,0,1,75.3,63.4,95.5,Placed,12.71
S0643,7.24,100,1,2,4,78.1,65.5,83.8,Placed,14.39
S0644,6.0,129,2,1,4,99.0,66.0,42.4,Not Placed,2.5
S0645,7.25,119,0,0,3,61.8,52.0,65.2,Placed,9.83
S0646,7.23,111,1,1,0,62.2,65.6,53.0,Placed,10.26
S0647,5.0,125,2,1,3,57.2,57.2,74.6,Not Placed,2.5
S0648,7.45,122,4,1,5,54.0,65.3,67.5,Placed,14.7
S0649,7.27,120,0,0,1,54.2,45.9,53.9,Not Placed,2.5
S0650,8.2,140,0,1,5,42.2,65.4,95.1,Not Placed,2.5
S0651,9.35,124,1,1,2,76.4,59.9,68.9,Placed,15.58
S0652,8.63,114,1,1,2,99.8,66.3,61.3,Not Placed,2.5
S0653,7.23,128,4,1,2,100.0,74.2,63.9,Placed,13.63
S0654,6.39,118,2,1,3,57.2,69.4,93.9,Not Placed,2.5
S0655,10.0,119,2,2,5,65.9,81.1,82.6,Placed,18.22
S0656,7.56,105,2,0,5,88.5,64.9,65.4,Placed,9.17
S0657,7.51,117,5,2,2,76.5,78.7,52.1,Placed,16.18
S0658,7.48,129,3,0,3,72.0,85.7,54.6,Placed,8.72
S0659,7.7,116,4,0,0,66.1,73.8,60.3,Not Placed,2.5
S0660,7.36,122,3,2,4,87.7,69.7,76.1,Placed,13.79
S0661,6.93,130,0,0,2,53.9,75.8,80.1,Placed,9.14
S0662,6.95,122,3,1,8,77.2,74.3,56.4,Not Placed,2.5
S0663,7.47,125,2,1,5,75.2,84.0,80.8,Not Placed,2.5
S0664,6.96,103,3,2,4,70.7,81.1,53.5,Not Placed,2.5
S0665,6.79,110,3,0,3,81.8,81.3,58.2,Placed,11.78
S0666,7.61,90,1,1,3,70.5,70.6,44.8,Not Placed,2.5
S0667,7.25,134,1,0,1,62.0,74.8,44.3,Not Placed,2.5
S0668,9.0,145,4,2,1,71.4,74.5,53.3,Not Placed,2.5
S0669,5.0,118,0,0,3,46.1,53.1,67.6,Placed,8.42
S0670,8.59,120,2,0,4,79.2,85.0,52.1,Not Placed,2.5
S0671,8.75,113,3,0,2,83.0,46.6,92.0,Not Placed,2.5
S0672,5.43,136,1,1,2,60.2,80.0,53.1,Not Placed,2.5
S0673,7.16,130,0,1,4,56.6,73.7,70.9,Placed,10.53
S0674,7.13,120,3,0,2,60.7,66.0,89.1,Placed,10.09
S0675,6.09,123,2,0,3,69.1,75.5,69.5,Placed,7.52
S0676,6.72,114,1,0,2,73.2,75.9,62.2,Not Placed,2.5
S0677,6.39,110,2,0,1,94.2,51.7,70.4,Not Placed,2.5
S0678,9.25,120,1,0,4,92.3,89.8,59.0,Placed,14.19
S0679,8.44,131,0,1,3,82.5,71.0,52.0,Not Placed,2.5
S0680,8.77,114,2,1,2,71.8,100.0,77.8,Not Placed,2.5
S0681,8.22,129,0,3,4,56.1,81.1,58.7,Not Placed,2.5
S0682,6.37,107,3,2,2,95.2,70.7,83.0,Not Placed,2.5
S0683,6.98,121,2,0,3,66.3,60.3,80.7,Placed,14.88
S0684,7.99,118,4,0,0,74.2,68.4,70.7,Placed,10.44
S0685,6.28,105,1,2,4,79.4,72.1,83.5,Not Placed,2.5
S0686,8.21,121,0,0,4,70.9,90.5,59.3,Not Placed,2.5
S0687,7.26,113,0,0,3,87.3,87.2,80.5,Not Placed,2.5
S0688,7.13,111,4,1,0,76.8,76.3,80.5,Placed,13.09
S0689,8.21,110,0,2,0,84.8,94.8,63.2,Not Placed,2.5
S0690,7.94,128,5,1,3,76.7,41.8,61.1,Placed,15.88
S0691,7.14,117,0,1,2,69.4,76.5,73.3,Placed,7.82
S0692,8.66,114,3,1,3,71.1,87.6,99.5,Not Placed,2.5
S0693,6.42,131,2,0,2,69.1,77.7,64.3,Placed,8.13
S0694,8.12,116,1,1,6,50.7,51.3,60.8,Not Placed,2.5
S0695,8.09,129,1,1,4,55.0,89.5,86.9,Not Placed,2.5
S0696,7.19,123,1,1,3,81.1,80.7,69.1,Not Placed,2.5
S0697,7.83,101,2,1,4,51.1,74.8,81.9,Placed,12.38
S0698,6.25,127,3,0,6,63.9,71.2,91.6,Placed,9.63
S0699,8.42,130,2,0,3,54.2,97.9,37.5,Not Placed,2.5
S0700,7.32,145,3,1,0,63.1,76.2,67.4,Placed,15.09
S0701,6.98,112,3,2,0,67.7,66.6,64.3,Placed,13.41
S0702,8.55,113,1,1,7,63.9,58.6,52.6,Placed,14.64
S0703,6.8,129,2,0,5,48.6,80.6,37.3,Placed,8.81
S0704,6.09,120,2,1,2,67.2,83.8,42.5,Placed,7.88
S0705,5.94,116,2,1,6,55.6,70.8,69.7,Placed,11.62
S0706,8.11,132,4,0,6,60.5,62.2,59.5,Not Placed,2.5
S0707,6.22,127,1,0,2,81.1,88.6,55.2,Not Placed,2.5
S0708,9.25,139,0,1,4,84.3,57.6,69.5,Not Placed,2.5
S0709,5.42,128,1,1,2,50.3,97.6,56.9,Placed,6.47
S0710,9.2,112,2,0,1,93.5,59.7,88.6,Not Placed,2.5
S0711,7.71,109,0,0,5,62.3,52.1,58.1,Placed,9.48
S0712,7.4,115,1,0,7,61.0,53.9,92.1,Not Placed,2.5
S0713,6.96,133,0,0,0,56.6,54.5,67.5,Not Placed,2.5
S0714,7.9,128,2,2,2,70.8,66.7,57.6,Not Placed,2.5
S0715,7.46,144,2,0,0,99.7,63.4,56.4,Placed,12.08
S0716,8.6,116,3,0,4,46.9,84.3,92.2,Placed,15.67
S0717,7.61,130,0,1,5,39.1,82.3,79.1,Placed,11.99
S0718,7.65,116,5,1,2,74.0,66.9,55.8,Placed,14.0
S0719,7.14,132,5,0,1,78.5,100.0,69.9,Not Placed,2.5
S0720,7.44,118,1,1,3,70.8,66.7,30.3,Placed,11.77
S0721,7.81,127,4,1,2,78.9,68.6,46.7,Placed,13.83
S0722,5.79,121,2,0,3,53.0,52.1,56.0,Placed,6.96
S0723,6.15,96,3,0,3,55.8,68.9,55.6,Placed,6.93
S0724,8.24,127,2,1,5,71.9,74.2,87.4,Placed,15.04
S0725,7.67,108,3,0,4,96.4,53.4,37.4,Not Placed,2.5
S0726,7.32,122,2,1,2,78.4,63.0,45.2,Placed,12.47
S0727,7.52,106,2,0,7,79.1,74.6,75.2,Not Placed,2.5
S0728,7.85,107,2,0,3,53.9,62.7,71.7,Not Placed,2.5
S0729,6.96,113,2,0,3,76.3,59.7,62.4,Placed,7.39
S0730,6.72,126,0,0,0,52.3,80.9,100.0,Placed,10.23
S0731,7.7,111,4,1,6,96.5,52.1,77.9,Not Placed,2.5
S0732,6.52,122,4,0,3,54.8,54.8,87.6,Not Placed,2.5
S0733,7.91,137,1,0,0,58.1,72.5,67.2,Placed,8.8
S0734,5.8,126,3,2,6,47.9,81.8,59.3,Not Placed,2.5
S0735,8.53,121,0,0,3,71.3,74.3,59.5,Not Placed,2.5
S0736,7.97,114,2,0,6,70.7,66.9,82.8,Not Placed,2.5
S0737,7.76,124,0,0,1,92.7,65.7,80.4,Not Placed,2.5
S0738,8.48,128,3,0,5,81.6,84.1,64.5,Placed,13.35
S0739,9.17,99,2,0,4,58.1,82.0,75.5,Placed,12.83
S0740,8.51,113,1,0,4,83.1,70.7,83.4,Placed,12.45
S0741,5.66,126,0,1,4,51.3,66.1,59.0,Placed,7.17
S0742,6.22,97,0,2,1,59.2,70.5,62.5,Not Placed,2.5
S0743,6.88,143,4,0,1,71.8,59.8,75.1,Not Placed,2.5
S0744,7.53,126,2,0,9,53.0,67.9,39.4,Not Placed,2.5
S0745,8.02,109,2,0,6,86.0,63.1,75.4,Placed,12.15
S0746,6.77,128,3,1,4,100.0,68.6,50.0,Placed,13.48
S0747,7.69,113,5,2,2,65.6,63.6,83.1,Placed,16.84
S0748,6.74,118,3,1,3,60.2,77.3,100.0,Not Placed,2.5
S0749,6.89,99,0,0,4,68.1,81.5,56.8,Not Placed,2.5
S0750,6.09,104,0,0,4,61.6,64.7,46.4,Not Placed,2.5
S0751,6.58,128,2,0,2,73.9,58.6,65.1,Not Placed,2.5
S0752,6.15,117,2,1,1,50.2,80.0,63.8,Not Placed,2.5
S0753,6.52,117,2,0,4,74.8,72.6,78.6,Placed,11.96
S0754,8.55,110,3,1,1,98.7,64.9,71.7,Placed,14.22
S0755,6.55,112,0,0,4,40.0,89.3,63.3,Placed,9.84
S0756,10.0,123,0,1,5,52.5,62.1,69.4,Placed,14.6
S0757,7.99,113,3,0,2,63.3,42.1,50.0,Not Placed,2.5
S0758,7.68,123,2,0,4,78.1,60.1,81.3,Not Placed,2.5
S0759,6.64,125,3,0,2,83.4,92.7,93.9,Not Placed,2.5
S0760,8.2,111,1,2,3,82.1,65.6,48.8,Not Placed,2.5
S0761,6.92,127,3,0,4,44.6,62.8,42.7,Not Placed,2.5
S0762,7.62,114,3,0,4,59.9,70.4,61.6,Not Placed,2.5
S0763,10.0,123,1,0,3,56.5,84.2,48.5,Not Placed,2.5
S0764,7.4,144,3,0,5,69.0,68.8,47.6,Placed,11.06
S0765,8.65,128,4,2,3,70.3,78.3,45.6,Placed,16.76
S0766,6.8,109,2,0,2,49.5,67.4,64.9,Not Placed,2.5
S0767,7.47,127,1,0,1,63.4,78.4,61.4,Placed,9.75
S0768,9.27,117,4,0,4,78.7,72.5,74.0,Placed,15.95
S0769,6.87,123,1,0,2,60.6,64.4,59.0,Not Placed,2.5
S0770,9.31,118,1,0,4,67.0,73.6,48.5,Placed,13.0
S0771,8.21,117,3,0,5,95.5,62.4,67.7,Placed,11.15
S0772,6.94,109,1,0,0,99.9,50.7,51.1,Placed,10.95
S0773,8.13,103,4,0,2,37.6,69.7,76.2,Placed,14.08
S0774,8.47,138,3,0,2,71.7,51.9,41.3,Not Placed,2.5
S0775,8.12,112,0,1,2,100.0,78.4,33.4,Placed,10.32
S0776,5.93,127,2,1,1,77.2,69.5,42.2,Placed,9.82
S0777,6.77,123,3,0,2,70.3,89.9,61.3,Not Placed,2.5
S0778,7.25,124,2,0,2,89.7,65.4,63.4,Placed,12.53
S0779,7.43,127,1,0,7,73.3,69.7,70.2,Placed,11.82
S0780,8.12,128,4,1,2,80.6,49.4,59.0,Not Placed,2.5
S0781,7.68,111,1,2,3,66.8,54.5,54.5,Not Placed,2.5
S0782,6.16,112,1,1,1,73.1,46.5,90.9,Not Placed,2.5
S0783,7.88,98,0,0,4,76.4,85.1,86.7,Placed,7.61
S0784,8.11,128,3,1,2,83.0,63.6,83.8,Placed,15.29
S0785,8.06,126,0,0,3,63.5,88.6,72.9,Not Placed,2.5
S0786,8.58,131,2,0,5,63.1,32.5,74.2,Placed,15.05
S0787,8.33,141,1,1,3,41.1,91.7,55.1,Not Placed,2.5
S0788,7.96,109,1,0,3,64.2,69.0,70.3,Not Placed,2.5
S0789,7.43,128,2,1,3,84.3,74.8,53.0,Placed,11.74
S0790,5.84,121,4,0,4,76.9,55.1,51.1,Not Placed,2.5
S0791,7.93,116,4,0,6,55.0,77.4,42.1,Placed,8.53
S0792,7.71,123,3,0,5,41.4,64.8,74.5,Not Placed,2.5
S0793,7.77,112,4,0,1,67.9,53.3,70.6,Not Placed,2.5
S0794,6.22,136,1,1,4,83.9,53.1,63.2,Placed,9.9
S0795,6.42,130,2,0,1,62.8,52.8,61.1,Placed,9.21
S0796,8.55,124,1,0,3,48.3,75.3,38.7,Not Placed,2.5
S0797,7.46,127,1,2,4,61.2,61.1,72.1,Not Placed,2.5
S0798,8.18,118,4,0,4,74.9,47.0,63.0,Placed,14.04
S0799,7.53,141,2,2,5,88.6,75.2,82.3,Placed,13.19
S0800,7.53,132,0,0,3,66.1,39.6,70.3,Placed,11.6
S0801,8.44,118,3,1,1,85.8,88.6,79.3,Placed,16.6
S0802,6.98,113,1,1,1,84.2,97.8,67.9,Placed,9.56
S0803,7.6,97,2,1,4,52.4,51.6,70.9,Not Placed,2.5
S0804,7.04,140,2,0,5,88.8,84.7,82.9,Not Placed,2.5
S0805,7.07,129,0,1,2,74.4,74.9,64.9,Placed,11.66
S0806,7.19,125,2,1,4,51.9,63.0,75.5,Not Placed,2.5
S0807,7.72,107,5,0,6,96.4,63.7,60.9,Placed,12.34
S0808,7.02,100,2,0,3,68.1,79.2,65.9,Not Placed,2.5
S0809,8.76,125,3,1,3,40.8,69.4,93.5,Not Placed,2.5
S0810,6.61,131,0,0,3,59.4,33.7,78.2,Not Placed,2.5
S0811,7.31,104,2,0,2,55.7,99.0,59.3,Not Placed,2.5
S0812,7.06,114,1,1,4,59.8,76.1,74.8,Not Placed,2.5
S0813,8.95,120,3,0,2,63.3,69.3,47.5,Placed,13.15
S0814,7.7,115,2,0,1,66.1,59.9,64.5,Not Placed,2.5
S0815,8.53,132,1,1,2,65.6,67.4,52.7,Not Placed,2.5
S0816,6.01,114,2,3,2,68.5,87.8,75.2,Not Placed,2.5
S0817,7.77,145,1,2,4,78.8,73.7,65.0,Placed,10.83
S0818,8.39,115,2,0,4,58.8,75.3,72.5,Not Placed,2.5
S0819,7.58,142,5,0,3,87.7,52.5,80.4,Not Placed,2.5
S0820,8.57,103,3,0,4,51.6,65.1,60.6,Not Placed,2.5
S0821,6.98,122,4,1,4,79.2,70.7,61.2,Placed,14.71
S0822,8.91,109,2,0,1,94.6,79.8,67.4,Not Placed,2.5
S0823,9.8,126,2,0,5,67.3,64.2,54.2,Not Placed,2.5
S0824,7.14,134,0,0,4,72.9,83.0,67.8,Placed,7.67
S0825,7.05,118,2,2,1,55.5,54.0,68.7,Not Placed,2.5
S0826,8.95,107,1,0,5,62.3,71.0,71.7,Placed,11.91
S0827,9.08,108,1,0,4,93.5,68.6,74.7,Placed,9.1
S0828,6.98,111,2,1,1,81.2,48.8,42.4,Not Placed,2.5
S0829,7.08,108,3,1,2,76.3,69.3,47.4,Placed,12.6
S0830,7.22,127,1,1,4,40.9,61.8,49.3,Not Placed,2.5
S0831,6.16,120,2,1,2,59.3,89.8,69.5,Placed,10.35
S0832,6.58,101,1,1,6,96.1,64.3,63.4,Not Placed,2.5
S0833,6.5,108,2,2,4,76.2,74.9,31.7,Not Placed,2.5
S0834,6.73,111,1,0,6,78.0,52.8,99.2,Placed,6.76
S0835,7.47,104,1,1,4,72.6,73.3,36.2,Not Placed,2.5
S0836,7.73,121,3,0,4,60.8,64.2,68.5,Not Placed,2.5
S0837,9.05,111,3,0,2,75.0,59.1,77.0,Placed,13.91
S0838,6.5,116,1,1,1,47.0,100.0,56.5,Placed,11.48
S0839,8.48,124,0,0,3,45.9,65.1,78.2,Placed,9.23
S0840,7.29,117,3,0,2,59.0,67.0,51.9,Placed,11.63
S0841,7.45,121,3,0,4,72.9,82.6,70.7,Not Placed,2.5
S0842,8.17,127,3,3,5,46.5,59.2,33.1,Not Placed,2.5
S0843,6.38,120,0,1,0,71.9,75.6,86.8,Not Placed,2.5
S0844,7.88,134,0,0,5,55.1,77.1,68.0,Not Placed,2.5
S0845,7.67,121,0,3,3,57.1,73.4,42.5,Placed,10.6
S0846,7.99,123,4,0,3,89.5,100.0,78.1,Placed,13.73
S0847,7.79,115,1,0,5,70.6,58.7,94.1,Not Placed,2.5
S0848,9.96,126,3,1,0,56.4,91.5,53.2,Placed,13.61
S0849,6.86,116,0,0,3,72.8,76.6,64.6,Not Placed,2.5
S0850,6.97,110,0,2,1,48.0,82.7,59.8,Not Placed,2.5
S0851,6.88,117,4,2,2,75.7,74.8,55.7,Placed,15.82
S0852,6.94,130,1,0,3,86.6,96.3,54.0,Placed,6.41
S0853,6.86,119,2,0,1,79.9,65.5,57.7,Placed,9.78
S0854,8.69,124,4,0,1,100.0,77.0,58.5,Placed,13.78
S0855,8.92,112,1,0,4,40.9,88.3,62.3,Not Placed,2.5
S0856,6.93,127,0,0,5,71.9,62.2,61.1,Not Placed,2.5
S0857,6.67,132,1,0,5,49.8,84.0,80.2,Not Placed,2.5
S0858,7.97,133,2,0,2,67.4,69.7,78.8,Not Placed,2.5
S0859,6.95,115,1,1,2,70.0,52.7,43.5,Not Placed,2.5
S0860,8.13,118,1,1,3,100.0,49.7,58.5,Placed,12.48
S0861,7.7,133,1,0,5,69.1,68.7,88.0,Placed,12.15
S0862,5.98,119,3,2,6,68.8,83.9,72.7,Placed,12.06
S0863,9.05,116,1,1,3,85.1,40.9,73.4,Placed,11.07
S0864,9.3,137,1,1,1,69.2,72.8,71.8,Placed,11.61
S0865,6.89,116,3,1,2,97.5,82.5,63.8,Placed,10.93
S0866,7.11,152,1,1,2,80.0,52.1,67.3,Placed,11.19
S0867,7.79,125,2,2,2,82.4,61.1,61.5,Placed,11.84
S0868,7.83,116,0,1,2,42.0,78.0,81.7,Not Placed,2.5
S0869,8.16,122,1,1,2,99.8,81.9,61.7,Not Placed,2.5
S0870,9.51,110,3,2,3,60.2,92.5,66.2,Not Placed,2.5
S0871,7.32,116,1,0,4,69.9,61.8,79.8,Not Placed,2.5
S0872,6.7,116,4,0,3,60.2,58.6,62.8,Placed,10.25
S0873,6.12,127,2,1,2,54.6,93.1,66.9,Not Placed,2.5
S0874,6.77,127,0,1,2,52.0,59.4,62.3,Not Placed,2.5
S0875,7.47,110,4,0,5,71.5,77.1,66.6,Not Placed,2.5
S0876,9.29,119,2,1,3,40.5,100.0,62.8,Placed,11.82
S0877,6.98,131,1,0,2,66.4,80.5,59.4,Placed,10.27
S0878,7.72,121,1,1,1,85.9,81.0,56.7,Not Placed,2.5
S0879,7.48,129,2,0,5,79.5,87.9,65.2,Placed,10.9
S0880,8.69,130,1,1,2,76.5,77.3,84.3,Not Placed,2.5
S0881,10.0,131,2,2,2,56.6,81.0,78.0,Not Placed,2.5
S0882,6.97,106,2,0,5,46.2,65.2,42.7,Placed,10.32
S0883,7.01,124,1,1,2,85.6,86.2,61.1,Not Placed,2.5
S0884,8.54,108,1,0,3,63.3,75.8,57.8,Not Placed,2.5
S0885,8.18,136,5,1,0,68.8,49.3,43.0,Placed,12.79
S0886,9.35,137,1,1,0,67.0,73.4,72.4,Not Placed,2.5
S0887,8.08,123,6,0,1,80.1,39.6,66.5,Placed,15.59
S0888,7.14,136,4,0,4,97.6,80.0,100.0,Placed,15.93
S0889,8.09,124,2,3,6,91.9,66.7,62.7,Placed,17.89
S0890,8.61,119,1,0,3,35.0,96.7,55.6,Placed,12.57
S0891,8.32,112,1,0,1,65.4,76.9,54.0,Placed,12.13
S0892,8.01,114,3,0,0,49.8,82.9,60.8,Placed,12.94
S0893,8.57,110,2,1,0,84.1,55.3,77.4,Not Placed,2.5
S0894,8.67,137,1,0,0,70.1,79.6,79.3,Not Placed,2.5
S0895,8.88,109,4,1,1,79.1,61.0,100.0,Placed,14.99
S0896,8.15,126,2,1,3,64.1,85.3,48.7,Not Placed,2.5
S0897,7.33,132,1,0,5,54.4,54.3,69.4,Not Placed,2.5
S0898,7.65,130,3,0,7,57.0,71.5,57.1,Placed,10.79
S0899,8.71,126,2,0,0,47.0,53.8,73.6,Placed,13.75
S0900,6.68,142,4,1,4,51.0,71.8,90.1,Placed,15.99
S0901,7.87,114,4,0,2,47.9,98.3,81.8,Placed,14.03
S0902,7.11,109,1,2,2,54.5,80.1,48.7,Not Placed,2.5
S0903,7.53,110,4,0,4,53.6,69.5,79.0,Not Placed,2.5
S0904,8.78,112,0,1,0,75.9,35.5,34.2,Not Placed,2.5
S0905,7.69,131,3,0,3,75.3,62.5,30.0,Placed,10.4
S0906,7.55,129,3,0,1,75.9,76.6,64.0,Placed,10.27
S0907,6.14,102,2,0,3,87.6,62.8,77.8,Not Placed,2.5
S0908,8.25,116,3,0,6,68.8,90.0,73.6,Not Placed,2.5
S0909,8.15,111,1,0,3,58.3,71.0,98.5,Placed,10.45
S0910,9.66,114,4,0,5,100.0,85.1,69.7,Placed,16.69
S0911,7.19,136,3,1,2,83.6,72.9,66.3,Placed,11.54
S0912,7.72,111,0,2,1,72.3,66.1,86.5,Placed,12.74
S0913,7.75,99,2,2,4,71.2,63.4,62.0,Placed,14.01
S0914,9.08,128,1,2,7,74.3,55.8,74.2,Placed,13.01
S0915,7.4,111,0,1,2,67.0,85.4,75.2,Placed,12.06
S0916,7.78,117,3,0,4,71.9,64.0,52.5,Not Placed,2.5
S0917,8.11,130,1,0,4,77.5,77.3,74.2,Not Placed,2.5
S0918,7.69,114,1,1,0,59.1,62.6,100.0,Placed,14.62
S0919,7.05,111,1,1,5,45.5,54.8,86.2,Placed,12.39
S0920,7.69,129,4,0,7,38.9,77.8,54.6,Not Placed,2.5
S0921,8.57,129,3,1,1,83.3,59.5,100.0,Placed,18.24
S0922,6.47,132,0,0,2,46.3,64.4,79.0,Not Placed,2.5
S0923,7.63,122,1,0,3,77.0,52.5,74.8,Placed,10.8
S0924,6.8,134,4,2,1,52.7,63.1,66.4,Not Placed,2.5
S0925,8.7,129,2,0,2,52.9,70.3,78.9,Placed,11.11
S0926,5.98,127,1,2,2,59.2,66.0,69.8,Not Placed,2.5
S0927,6.94,111,2,0,1,72.9,81.5,68.3,Not Placed,2.5
S0928,7.88,115,1,1,7,50.7,72.0,65.9,Placed,10.31
S0929,9.07,131,3,0,0,60.7,100.0,83.6,Placed,13.92
S0930,7.43,123,3,1,8,69.6,75.9,81.8,Not Placed,2.5
S0931,6.94,119,6,1,3,51.8,45.7,65.6,Not Placed,2.5
S0932,9.38,126,1,1,3,91.4,67.0,43.7,Not Placed,2.5
S0933,6.05,142,3,0,0,44.2,68.2,68.6,Not Placed,2.5
S0934,5.3,120,1,0,3,66.7,61.4,56.5,Not Placed,2.5
S0935,7.94,126,4,2,1,89.1,71.0,60.4,Placed,17.79
S0936,7.0,112,2,1,3,50.1,61.0,66.0,Not Placed,2.5
S0937,6.48,124,3,1,1,68.4,74.7,51.0,Placed,11.92
S0938,8.21,108,1,1,1,72.0,43.3,42.2,Placed,9.52
S0939,7.74,119,2,0,5,57.9,86.0,72.7,Not Placed,2.5
S0940,6.94,132,2,2,4,68.8,47.9,68.4,Placed,12.12
S0941,6.22,123,2,0,9,78.4,66.3,67.8,Not Placed,2.5
S0942,8.37,132,1,1,2,63.0,59.7,76.2,Placed,11.53
S0943,8.15,120,4,0,2,81.5,74.3,57.4,Placed,15.7
S0944,7.4,107,1,1,2,75.9,67.4,73.3,Placed,11.22
S0945,9.35,123,1,0,2,61.3,73.5,89.4,Placed,11.8
S0946,6.43,115,2,1,4,86.9,85.6,63.9,Placed,10.89
S0947,5.97,102,2,0,1,58.9,80.8,98.4,Not Placed,2.5
S0948,6.81,135,5,1,2,82.8,70.5,68.8,Placed,14.9
S0949,7.45,125,0,0,2,59.2,76.4,54.4,Not Placed,2.5
S0950,7.74,109,0,2,3,65.3,97.4,81.6,Placed,13.68
S0951,7.26,113,2,1,1,67.6,81.3,66.2,Not Placed,2.5
S0952,7.85,136,1,0,1,75.1,65.9,84.8,Placed,12.61
S0953,6.25,133,4,2,5,33.8,87.9,74.6,Placed,13.55
S0954,8.94,115,4,0,4,76.9,75.5,62.8,Not Placed,2.5
S0955,7.42,102,2,0,7,68.5,56.5,92.3,Placed,11.03
S0956,8.62,100,1,0,1,74.3,67.5,60.0,Placed,10.4
S0957,7.84,111,1,0,2,77.5,49.4,33.4,Not Placed,2.5
S0958,7.96,112,4,0,5,75.9,38.0,82.1,Not Placed,2.5
S0959,8.07,108,1,1,4,39.9,56.7,73.6,Placed,14.63
S0960,7.95,113,6,0,5,54.1,71.7,88.5,Not Placed,2.5
S0961,8.14,114,0,2,4,75.0,71.8,53.9,Placed,10.75
S0962,8.83,111,1,0,3,73.0,50.2,64.0,Placed,12.63
S0963,7.7,112,3,1,4,58.2,36.7,62.2,Placed,13.18
S0964,8.21,126,1,0,6,81.1,90.6,82.9,Placed,10.58
S0965,7.41,110,3,1,4,66.2,71.3,78.4,Not Placed,2.5
S0966,8.94,107,2,0,6,83.3,91.8,71.4,Placed,12.3
S0967,6.82,134,2,0,2,88.2,91.0,71.5,Placed,12.87
S0968,9.3,101,1,0,4,74.2,80.3,49.6,Placed,10.29
S0969,7.46,113,2,0,0,78.3,70.8,80.3,Not Placed,2.5
S0970,6.07,131,0,1,3,60.9,64.4,80.6,Placed,9.66
S0971,7.63,122,1,0,1,83.4,80.1,100.0,Not Placed,2.5
S0972,6.82,107,0,0,4,73.3,67.8,75.5,Not Placed,2.5
S0973,8.34,112,5,1,2,65.6,61.7,78.1,Placed,16.41
S0974,6.85,101,4,0,3,51.7,40.6,75.6,Not Placed,2.5
S0975,7.05,114,3,1,4,62.7,68.8,56.9,Not Placed,2.5
S0976,5.61,97,1,0,5,53.4,85.4,88.0,Not Placed,2.5
S0977,7.05,119,2,0,2,81.4,87.6,67.1,Placed,11.45
S0978,5.08,122,1,0,4,88.3,70.7,64.9,Not Placed,2.5
S0979,5.92,129,4,0,5,83.7,57.6,65.8,Placed,8.16
S0980,8.26,114,1,1,4,100.0,82.6,66.9,Placed,12.61
S0981,8.29,136,0,1,5,63.1,69.8,60.2,Not Placed,2.5
S0982,7.93,109,3,0,1,78.9,64.9,71.4,Placed,13.08
S0983,6.53,128,1,0,3,52.3,49.6,66.5,Not Placed,2.5
S0984,7.45,119,3,1,5,67.0,99.5,65.1,Not Placed,2.5
S0985,7.5,115,0,1,1,47.8,80.3,75.8,Not Placed,2.5
S0986,6.34,117,2,0,0,78.5,81.8,69.2,Not Placed,2.5
S0987,9.0,118,2,0,1,64.7,57.9,59.1,Placed,11.16
S0988,8.38,105,1,0,2,39.2,71.1,55.8,Placed,13.52
S0989,7.28,145,3,0,3,59.7,68.9,69.6,Placed,8.18
S0990,7.53,122,3,0,1,96.9,80.9,56.1,Placed,11.99
S0991,7.71,120,1,1,2,76.2,89.0,54.9,Placed,9.5
S0992,5.46,111,1,1,2,81.5,49.9,55.1,Not Placed,2.5
S0993,7.25,116,3,1,5,71.9,55.0,72.1,Not Placed,2.5
S0994,6.82,106,1,0,1,67.3,79.0,87.1,Placed,8.23
S0995,6.5,109,0,0,3,70.2,62.9,73.6,Not Placed,2.5
S0996,7.22,110,1,2,2,73.7,81.4,82.2,Placed,11.39
S0997,9.3,132,3,0,4,53.6,64.8,66.9,Placed,14.33
S0998,8.14,122,4,1,5,81.4,52.5,70.3,Not Placed,2.5
S0999,6.93,116,2,1,3,86.8,45.4,94.4,Placed,15.15
S1000,8.07,116,0,0,3,67.1,76.8,81.3,Not Placed,2.5
